{"files":{"huha-65b4faa0135d43611aa897f1b4a75828c6d13d2f1d0a8e9a1ce9427aa2298114.png":{"logical_path":"huha.png","mtime":"2016-05-11T19:18:32+05:30","size":2235,"digest":"65b4faa0135d43611aa897f1b4a75828c6d13d2f1d0a8e9a1ce9427aa2298114","integrity":"sha256-ZbT6oBNdQ2EaqJfxtKdYKMbRPS8dCo6aHOlCeqIpgRQ="},"application-03fa6f2a4f39687890610d79cda85c3e786e80bf854ea4bc2812e0cd858fee9a.js":{"logical_path":"application.js","mtime":"2016-05-18T20:15:09+05:30","size":377067,"digest":"03fa6f2a4f39687890610d79cda85c3e786e80bf854ea4bc2812e0cd858fee9a","integrity":"sha256-A/pvKk85aHiQYQ15zahcPnhugL+FTqS8KBLgzYWP7po="},"application-f02c2c323476d5b5d4a9b1a0a45a54841264a895a84b0303d9bdb3210642f464.css":{"logical_path":"application.css","mtime":"2016-06-05T01:01:59+05:30","size":322626,"digest":"f02c2c323476d5b5d4a9b1a0a45a54841264a895a84b0303d9bdb3210642f464","integrity":"sha256-8CwsMjR21bXUqbGgpFpUhBJkqJWoSwMD2b2zIQZC9GQ="},"bootstrap/glyphicons-halflings-regular-f495f34e4f177cf0115af995bbbfeb3fcabc88502876e76fc51a4ab439bc8431.eot":{"logical_path":"bootstrap/glyphicons-halflings-regular.eot","mtime":"2016-03-22T10:58:55+05:30","size":20335,"digest":"f495f34e4f177cf0115af995bbbfeb3fcabc88502876e76fc51a4ab439bc8431","integrity":"sha256-9JXzTk8XfPARWvmVu7/rP8q8iFAodudvxRpKtDm8hDE="},"bootstrap/glyphicons-halflings-regular-fc969dc1c6ff531abcf368089dcbaf5775133b0626ff56b52301a059fc0f9e1e.woff":{"logical_path":"bootstrap/glyphicons-halflings-regular.woff","mtime":"2016-03-22T10:58:55+05:30","size":23320,"digest":"fc969dc1c6ff531abcf368089dcbaf5775133b0626ff56b52301a059fc0f9e1e","integrity":"sha256-/Jadwcb/Uxq882gIncuvV3UTOwYm/1a1IwGgWfwPnh4="},"bootstrap/glyphicons-halflings-regular-bd18efd3efd70fec8ad09611a20cdbf99440b2c1d40085c29be036f891d65358.ttf":{"logical_path":"bootstrap/glyphicons-halflings-regular.ttf","mtime":"2016-03-22T10:58:55+05:30","size":41280,"digest":"bd18efd3efd70fec8ad09611a20cdbf99440b2c1d40085c29be036f891d65358","integrity":"sha256-vRjv0+/XD+yK0JYRogzb+ZRAssHUAIXCm+A2+JHWU1g="},"bootstrap/glyphicons-halflings-regular-d168d50a88c730b4e6830dc0da2a2b51dae4658a77d9619943c27b8ecfc19d1a.svg":{"logical_path":"bootstrap/glyphicons-halflings-regular.svg","mtime":"2016-03-22T10:58:55+05:30","size":62927,"digest":"d168d50a88c730b4e6830dc0da2a2b51dae4658a77d9619943c27b8ecfc19d1a","integrity":"sha256-0WjVCojHMLTmgw3A2iorUdrkZYp32WGZQ8J7js/BnRo="}},"assets":{"huha.png":"huha-65b4faa0135d43611aa897f1b4a75828c6d13d2f1d0a8e9a1ce9427aa2298114.png","application.js":"application-03fa6f2a4f39687890610d79cda85c3e786e80bf854ea4bc2812e0cd858fee9a.js","application.css":"application-f02c2c323476d5b5d4a9b1a0a45a54841264a895a84b0303d9bdb3210642f464.css","bootstrap/glyphicons-halflings-regular.eot":"bootstrap/glyphicons-halflings-regular-f495f34e4f177cf0115af995bbbfeb3fcabc88502876e76fc51a4ab439bc8431.eot","bootstrap/glyphicons-halflings-regular.woff":"bootstrap/glyphicons-halflings-regular-fc969dc1c6ff531abcf368089dcbaf5775133b0626ff56b52301a059fc0f9e1e.woff","bootstrap/glyphicons-halflings-regular.ttf":"bootstrap/glyphicons-halflings-regular-bd18efd3efd70fec8ad09611a20cdbf99440b2c1d40085c29be036f891d65358.ttf","bootstrap/glyphicons-halflings-regular.svg":"bootstrap/glyphicons-halflings-regular-d168d50a88c730b4e6830dc0da2a2b51dae4658a77d9619943c27b8ecfc19d1a.svg"}}